Services,Visits,Time,Rejected,Date
2074,268,1148.79,840,5/14/2025 0:00
600,116,448.42,286,5/14/2025 4:00
170,36,148.31,125,5/14/2025 8:00
1169,255,1154.08,700,5/14/2025 12:00
2371,423,1798.72,1244,5/14/2025 16:00
1191,358,1173.36,775,5/14/2025 20:00
759,217,693.55,496,5/15/2025 0:00
654,114,489.41,483,5/15/2025 4:00
320,64,229.84,203,5/15/2025 8:00
933,227,965.25,679,5/15/2025 12:00
1388,309,1681.9,983,5/15/2025 16:00
790,239,802.95,568,5/15/2025 20:00
638,161,595.57,433,5/16/2025 0:00
446,85,338.07,284,5/16/2025 4:00
316,73,310.78,210,5/16/2025 8:00
485,93,423.17,363,5/16/2025 12:00
440,90,515.41,347,5/16/2025 16:00
462,96,520.96,337,5/16/2025 20:00
335,80,359.34,246,5/17/2025 0:00
546,119,474.09,380,5/17/2025 4:00
459,68,388.31,325,5/17/2025 8:00
782,214,840.82,525,5/17/2025 12:00
1173,304,1250.11,890,5/17/2025 16:00
1083,331,1017.84,762,5/17/2025 20:00
789,218,718.82,515,5/18/2025 0:00
200,31,188.38,53,5/18/2025 4:00
499,100,300,400,5/18/2025 8:00
722,177,588.56,546,5/18/2025 12:00
1223,288,1283.6,838,5/18/2025 16:00
1028,327,1118.52,706,5/18/2025 20:00
622,174,577.4368081,410,5/18/2025 23:59
347,73,288.3722363,217,5/19/2025 4:01
225,48,302.7516932,176,5/19/2025 8:00
823,196,1000.255536,572,5/19/2025 12:00
1060,241,1102.085348,715,5/19/2025 16:00
1255,226,1065.298931,810,5/21/2025 10:22
911,234,856.9590206,665,5/21/2025 12:00
1133,314,1509.7313,777,5/21/2025 16:00
3358,697,2820.447026,1585,5/21/2025 17:00
917,325,1024.154329,473,5/21/2025 20:00
624,185,598.3261192,371,5/21/2025 23:59
564,80,422.5442524,306,5/22/2025 4:00
260,54,227.246213,183,5/22/2025 8:01
954,209,988.0728276,559,5/22/2025 12:00
956,263,986.3753288,565,5/22/2025 16:01
777,241,620.2642117,460,5/22/2025 20:00
589,135,402.3908706,335,5/22/2025 23:59
346,69,174.3464389,177,5/23/2025 4:00
303,53,169.6177106,163,5/23/2025 8:00
357,66,231.8533072,213,5/23/2025 12:01
327,69,293.2456353,194,5/23/2025 16:00
315,81,239.0864317,168,5/23/2025 20:00
326,61,165.0624712,176,5/23/2025 23:59
514,75,227.7683659,249,5/24/2025 4:00
319,52,175.0257819,180,5/24/2025 8:00
749,195,517.2653801,463,5/24/2025 12:00
1181,266,846.2441578,716,5/24/2025 16:01
933,289,568.3670321,430,5/24/2025 20:00
690,186,524.1276562,423,5/24/2025 23:59
372,77,225.3273644,210,5/25/2025 4:00
206,42,107.366312,100,5/25/2025 8:00
1357,348,882.2725286,617,5/25/2025 13:33
1797,400,1291.113751,963,5/25/2025 17:30
1380,358,950.7,755,5/25/2025 20:00
972,189,553.3687413,500,5/26/2025 0:09
454,82,301.9419763,192,5/26/2025 4:00
3322,1011,3441.879034,1790,5/26/2025 4:15
348,62,256.4278362,172,5/26/2025 8:00
5,4,61.8740344,4,5/26/2025 10:22
982,251,1162.486467,498,5/26/2025 12:00
1242,329,1334.238086,643,5/26/2025 16:00
1101,332,1113.933818,589,5/26/2025 20:00
726,206,826.4588985,393,5/26/2025 23:59
599,98,481.257704,281,5/27/2025 4:00
507,73,361.747462,300,5/27/2025 8:00
979,266,1303.247965,529,5/27/2025 12:00
1452,317,1500.505251,722,5/27/2025 16:00
1177,311,1606.807823,625,5/27/2025 22:09
904,215,823.2522681,458,5/28/2025 0:02
730,94,463.8302083,351,5/28/2025 4:00
530,72,459.7314191,241,5/28/2025 8:00
368,123,947.7878428,213,5/28/2025 12:00
1524,384,1484.857536,872,5/28/2025 16:01
1317,347,823.8196008,646,5/28/2025 20:01
939,209,588.4633169,496,5/28/2025 23:59
492,98,284.0001905,233,5/29/2025 4:00
343,79,182.5377326,147,5/29/2025 8:00
1337,324,1212.13858,689,5/29/2025 12:01
1689,407,1352.635092,955,5/29/2025 16:01
926,296,749.7410817,458,5/29/2025 20:00
803,193,472.7873857,424,5/29/2025 23:59
589,105,370.0486388,262,5/30/2025 4:01
462,91,412.140518,258,5/30/2025 8:00
487,104,984.1850164,252,5/30/2025 12:00
473,88,341.1771009,267,5/30/2025 16:00
311,83,266.3951108,181,5/30/2025 20:01
382,74,281.545882,201,5/30/2025 23:59
645,96,307.8296685,225,5/31/2025 4:00
247,50,205.8806279,136,5/31/2025 8:00
966,211,1203.249001,517,5/31/2025 12:00
1581,313,1388.915683,868,5/31/2025 16:01
1084,335,852.8279307,551,5/31/2025 20:00
763,207,685.0001156,452,5/31/2025 23:59
413,74,362.0428686,202,6/1/2025 4:01
435,76,211,245,6/1/2025 8:00
1431,308,754,718,6/1/2025 12:00
1496,351,1192.68589,740,6/1/2025 16:00
1451,331,1148.349858,699,6/1/2025 20:00
817,195,734.7996075,452,6/2/2025 0:00
537,100,403.4879112,286,6/2/2025 4:00
402,68,230.8997586,175,6/2/2025 8:00
1124,211,873.2,602,6/2/2025 12:00
2254,399,1706.76,1054,6/2/2025 16:00
1019,302,1084.75,540,6/2/2025 20:00
893,209,764.69,499,6/3/2025 0:00
630,116,428.72,279,6/3/2025 4:00
293,54,213.8,126,6/3/2025 8:00
73,20,58.86,22,6/3/2025 12:00
573,35,367.32,91,6/3/2025 16:00
143,16,50.21,30,6/3/2025 20:00
42,7,22.66,12,6/4/2025 0:00
0,0,0,0,6/4/2025 4:00
5,1,6.42,3,6/4/2025 8:00
73,11,54.93,26,6/4/2025 12:00
74,27,76.23591566085815,21,06/04/2025 13:00
224,15,115.46072888374329,196,06/04/2025 17:00
10,4,13.807223081588745,4,06/04/2025 21:00
755,103,280.23664951324463,313,06/05/2025 01:00
476,71,239.57333183288574,235,06/05/2025 05:00
1204,102,639.9308366775513,599,06/05/2025 09:00
871,110,537.25710105896,445,06/05/2025 13:00
339,62,256.1423089504242,184,06/05/2025 17:00
494,82,552.2400839328766,246,06/05/2025 21:00
692,105,481.222074508667,297,06/06/2025 01:00
266,58,254.1494915485382,162,06/06/2025 05:00
481,78,308.8693006038666,318,06/06/2025 09:00
492,120,744.8034119606018,275,06/06/2025 13:00
386,128,332.10129499435425,157,06/06/2025 17:00
529,80,339.51449608802795,327,06/06/2025 21:00
595,115,265.19678807258606,296,06/07/2025 01:00
229,48,122.27285885810852,128,06/07/2025 05:00
502,86,272.60173439979553,287,06/07/2025 09:00
530,107,269.1779263019562,265,06/07/2025 13:00
308,83,211.73787236213684,159,06/07/2025 17:00
427,99,281.31580901145935,228,06/07/2025 21:00
581,122,257.733195066452,240,06/08/2025 01:00
316,72,154.97857856750488,154,06/08/2025 05:00
383,95,238.57330918312073,245,06/08/2025 09:00
489,108,290.3235306739807,293,06/08/2025 13:00
361,78,277.5585412979126,217,06/08/2025 17:00
290,95,217.3965060710907,198,06/08/2025 21:00
544,111,231.50771236419678,224,06/09/2025 01:00
239,57,159.02112340927124,131,06/09/2025 05:00
553,88,350.2075741291046,286,06/09/2025 09:00
561,91,406.44215536117554,322,06/09/2025 13:00
475,79,323.6486322879791,235,06/09/2025 17:00
294,64,208.62744665145874,199,06/09/2025 21:00
666,112,381.6298773288727,269,06/10/2025 01:00
235,54,156.5044400691986,127,06/10/2025 05:00
983,246,598.5441293716431,552,06/10/2025 09:00
1209,265,1030.3263638019562,683,06/10/2025 14:14
1106,317,735.111255645752,553,06/10/2025 17:00
841,201,715.013236284256,452,06/10/2025 21:00
559,101,235.04130339622498,218,06/11/2025 01:00
374,65,197.8661594390869,175,06/11/2025 05:00
1041,184,1025.5801644325256,658,06/11/2025 09:00
939,248,1070.5337028503418,494,06/11/2025 13:00
1126,318,879.7163231372833,571,06/11/2025 17:00
1485,213,1149.6751568317413,562,06/11/2025 21:00
547,105,2949.879604578018,257,06/12/2025 01:00
445,77,655.6843628883362,231,06/12/2025 05:00
1146,216,807.886461019516,644,06/12/2025 09:00
1257,265,836.4730453491211,638,06/12/2025 13:00
979,242,1640.9034223556519,534,06/12/2025 17:00
600,165,1606.9733774662018,313,06/12/2025 21:00
505,97,272.46105551719666,275,06/13/2025 01:00
350,60,186.36498141288757,228,06/13/2025 05:00
552,98,328.3584156036377,355,06/13/2025 09:00
936,93,501.1584527492523,315,06/13/2025 13:00
363,77,180.77094149589539,181,06/13/2025 17:00
457,95,327.76922035217285,256,06/13/2025 21:00
635,114,258.2626988887787,302,06/14/2025 01:00
253,63,114.45641493797302,137,06/14/2025 05:00
1084,231,437.51715111732483,546,06/14/2025 09:00
1314,304,613.4562397003174,726,06/14/2025 13:00
1260,363,626.5064046382904,582,06/14/2025 17:00
828,213,432.69789385795593,461,06/14/2025 21:00
604,96,196.94589614868164,255,06/15/2025 01:00
365,57,143.67963290214539,187,06/15/2025 05:00
1106,251,427.78524827957153,554,06/15/2025 09:42
1872,351,936.5664975643158,778,06/15/2025 13:00
1313,325,603.2499060630798,571,06/15/2025 17:00
899,191,432.8707392215729,362,06/15/2025 21:00
596,102,362.1058278083801,304,06/16/2025 01:00
1059,268,646.7989077568054,547,06/16/2025 09:03
2486,380,979.5401954650879,708,06/16/2025 13:00
1255,355,697.7353751659393,691,06/16/2025 17:00
784,205,393.72289538383484,378,06/16/2025 21:00
1537,362,1236.522941827774,854,06/17/2025 13:00
1522,324,647.41051197052,545,06/17/2025 17:01
851,196,497.4034266471863,379,06/17/2025 21:00
529,92,195.86228919029236,219,06/18/2025 01:01
402,54,156.4855556488037,207,06/18/2025 05:01
882,281,554.6456000804901,473,06/18/2025 09:01
1228,292,832.7273833751678,618,06/18/2025 13:00
985,319,771.2057859897614,485,06/18/2025 17:00
828,196,486.3411009311676,395,06/18/2025 21:00
652,102,233.69620013237,248,06/19/2025 01:00
402,58,175.1692235469818,230,06/19/2025 05:01
1223,253,567.5841238498688,664,06/19/2025 09:01
1368,318,712.4709215164185,720,06/19/2025 13:00
976,267,635.7009189128876,508,06/19/2025 17:01
811,156,381.4081664085388,449,06/19/2025 21:01
651,111,260.1441595554352,247,06/20/2025 01:01
344,60,157.7919945716858,199,06/20/2025 05:00
701,105,312.4616391658783,388,06/20/2025 09:00
574,94,261.8750078678131,320,06/20/2025 13:00
440,87,250.0513777732849,240,06/20/2025 17:00
634,97,306.18112111091614,266,06/20/2025 21:01
722,129,243.14870500564575,303,06/21/2025 01:00
564,86,192.73901438713074,292,06/21/2025 05:01
1628,327,668.0424900054932,898,06/21/2025 09:01
1527,327,746.9396421909332,822,06/21/2025 13:00
1266,345,616.2156667709351,578,06/21/2025 17:01
1358,230,540.7653028964996,715,06/21/2025 21:00
519,97,193.8628056049347,222,06/22/2025 01:00
549,82,198.2477526664734,274,06/22/2025 05:00
1358,328,652.928156375885,789,06/22/2025 09:00
1607,391,900.4685883522034,834,06/22/2025 13:00
1323,388,700.7950477600098,671,06/22/2025 17:00
1223,264,620.1325817108154,801,06/22/2025 21:00
777,119,267.6991710662842,321,06/23/2025 01:00
353,66,139.0169117450714,162,06/23/2025 05:01
1157,339,832.8487596511841,605,06/23/2025 12:57
795,199,415.4125323295593,427,06/24/2025 07:49
1728,385,1130.4247403144836,851,06/24/2025 07:58
1101,271,889.2585289478302,609,06/24/2025 09:00
1236,401,815.3981320858002,590,06/24/2025 09:00
1527,325,840.8260645866394,888,06/24/2025 13:00
1402,335,871.7137813568115,632,06/24/2025 17:00
771,215,474.77496218681335,380,06/24/2025 21:00
576,102,206.69342422485352,253,06/25/2025 01:00
297,75,561.261922121048,158,06/25/2025 05:00
1153,264,1084.9865198135376,666,06/25/2025 09:00
943,177,2494.6368935108185,462,06/25/2025 21:00
569,98,1048.0516092777252,291,06/26/2025 01:00
328,62,328.46886825561523,192,06/26/2025 05:00
1139,247,1209.19517993927,629,06/26/2025 09:00
1209,297,915.8228871822357,599,06/26/2025 17:00
630,168,431.7749466896057,397,06/29/2025 07:33
1066,157,695.6942143440247,705,06/29/2025 07:39
1512,331,976.9305531978607,744,06/29/2025 07:39
1600,351,826.3694109916687,834,06/29/2025 08:02
1393,365,613.1407928466797,715,06/29/2025 08:18
1589,294,626.7283461093903,655,06/29/2025 09:01
1817,436,1068.1361241340637,900,06/29/2025 13:00
1354,401,618.2948360443115,692,06/29/2025 17:00
963,317,631.3008317947388,455,06/29/2025 21:00
588,100,214.84488224983215,271,06/30/2025 01:00
285,69,149.12960290908813,174,06/30/2025 05:01
879,259,534.1784949302673,439,06/30/2025 09:00
1581,479,915.4544310569763,700,06/30/2025 13:03
1264,466,803.931538105011,537,06/30/2025 17:02
990,223,440.8130807876587,467,06/30/2025 21:01
522,91,165.46377539634705,212,07/01/2025 01:00
312,75,152.47208070755005,156,07/01/2025 05:00
1072,277,554.0178091526031,532,07/01/2025 09:01
1655,455,1756.2855024337769,798,07/01/2025 13:01
1363,359,993.1320662498474,595,07/01/2025 17:00
1000,227,667.5821468830109,462,07/01/2025 21:00
660,94,239.0881643295288,298,07/02/2025 01:00
393,67,194.60816502571106,192,07/02/2025 06:29
1154,294,1109.3492891788483,547,07/02/2025 09:01
1450,366,844.600127696991,644,07/02/2025 13:04
1163,356,645.1086611747742,567,07/02/2025 17:04
1022,242,538.32768201828,484,07/02/2025 21:00
585,101,201.21143674850464,251,07/03/2025 01:02
393,66,123.65191912651062,203,07/03/2025 05:02
1341,298,696.5460739135742,706,07/03/2025 09:02
1772,390,982.1326034069061,826,07/03/2025 14:24
1139,309,620.3004698753357,520,07/03/2025 17:03
873,181,445.3035681247711,406,07/03/2025 21:03
639,100,257.2593820095062,284,07/04/2025 01:01
487,68,209.00106930732727,279,07/04/2025 05:03
698,105,442.17904901504517,458,07/04/2025 09:01
469,78,1006.7212090492249,272,07/04/2025 13:04
305,73,186.22162675857544,179,07/04/2025 17:01
588,88,283.17740774154663,299,07/04/2025 21:03
589,106,219.51431035995483,272,07/05/2025 01:01
394,62,142.3345170021057,196,07/05/2025 05:00
1379,329,588.3262674808502,698,07/05/2025 09:02
1644,468,760.158539056778,760,07/05/2025 13:00
1522,484,792.8735311031342,614,07/05/2025 17:02
923,243,436.15177941322327,500,07/05/2025 21:03
754,119,228.81061720848083,326,07/06/2025 02:46
499,84,188.23684215545654,260,07/06/2025 05:00
1251,277,515.507078409195,557,07/06/2025 09:03
1684,354,1046.7776658535004,734,07/06/2025 13:00
1438,393,713.5073888301849,616,07/06/2025 17:00
1410,263,626.9807496070862,525,07/06/2025 21:00
708,105,287.44252371788025,351,07/07/2025 01:01
466,91,213.31830763816833,265,07/07/2025 05:00
1428,281,863.0877220630646,790,07/07/2025 09:00
1599,350,791.5225558280945,845,07/07/2025 13:00
1465,396,815.6988904476166,710,07/07/2025 17:00
1037,215,8713.707065820694,501,07/07/2025 21:00
681,99,2458.1928327083588,345,07/08/2025 01:00
419,66,2855.9978761672974,213,07/08/2025 05:00
1376,254,10829.668725013733,846,07/08/2025 09:00
1681,338,7379.809483289719,778,07/08/2025 13:00
1148,362,459.03916120529175,495,07/08/2025 17:00
1159,276,469.4923334121704,598,07/08/2025 21:00
768,130,231.3885555267334,350,07/09/2025 01:00
542,83,161.62241554260254,262,07/09/2025 05:01
1503,310,700.0613029003143,673,07/09/2025 09:00
2190,383,858.9132752418518,1029,07/09/2025 13:02
1153,341,639.1403424739838,578,07/09/2025 17:00
1002,207,503.8853991031647,484,07/09/2025 21:00
677,129,522.0773241519928,353,07/10/2025 01:00
554,81,238.46087217330933,346,07/10/2025 05:00
1439,314,660.3862822055817,803,07/10/2025 09:00
1808,403,893.2241806983948,840,07/10/2025 13:32
1139,306,554.8670222759247,574,07/10/2025 17:00
815,169,511.76628065109253,404,07/10/2025 21:01
815,132,381.6454393863678,471,07/11/2025 01:00
517,89,249.49441957473755,263,07/11/2025 05:00
698,119,377.3699281215668,453,07/11/2025 09:00
564,75,269.5347137451172,351,07/11/2025 13:00
384,80,202.05911207199097,169,07/11/2025 17:00
485,96,298.1829915046692,236,07/11/2025 21:00
642,112,311.36485528945923,305,07/12/2025 01:00
382,60,172.42627477645874,257,07/12/2025 05:00
1451,319,678.7611877918243,825,07/12/2025 09:00
2567,508,1317.9791777133942,1521,07/12/2025 13:00
1505,426,880.8682532310486,726,07/12/2025 17:00
1183,238,592.2260048389435,597,07/12/2025 21:00
893,124,346.5650863647461,386,07/13/2025 01:00
372,71,166.2455117702484,211,07/13/2025 05:00
1556,312,775.1141605377197,902,07/13/2025 09:00
1931,437,1114.5788016319275,912,07/13/2025 13:00
1649,445,1066.9491698741913,810,07/13/2025 17:00
1002,233,492.23034501075745,542,07/13/2025 21:00
728,101,401.8377375602722,322,07/14/2025 01:00
548,92,289.23621940612793,262,07/14/2025 05:00
1384,330,662.4322626590729,786,07/14/2025 09:00
1833,509,1352.1428816318512,803,07/14/2025 13:00
1702,453,1109.6108553409576,939,07/14/2025 17:00
1165,255,707.76806807518,623,07/14/2025 21:00
486,103,253.22630167007446,231,07/15/2025 01:00
342,64,212.24516654014587,208,07/15/2025 05:00
1561,337,816.326765537262,832,07/15/2025 09:00
2108,574,1359.4495167732239,991,07/15/2025 13:00
1417,399,859.1854453086853,792,07/15/2025 17:00
1054,227,553.9925775527954,505,07/15/2025 21:00
539,106,264.9344038963318,240,07/16/2025 01:00
699,91,340.5144898891449,396,07/16/2025 05:00
1563,334,808.2657322883606,895,07/16/2025 09:00
1904,447,1069.5273969173431,1076,07/16/2025 13:00
1408,380,1889.9054770469666,720,07/16/2025 17:00
1664,252,846.5081815719604,663,07/16/2025 21:00
606,102,683.3786935806274,317,07/17/2025 01:06
609,82,284.0923879146576,347,07/17/2025 05:00
1556,320,778.1750824451447,816,07/17/2025 09:00
1952,424,4004.2515094280243,1103,07/17/2025 13:00
